label,auc
Atelectasis,0.7639725126771648
Cardiomegaly,0.8899950391624692
Consolidation,0.7460757905325952
Edema,0.842836397258188
Effusion,0.8191677130882766
Emphysema,0.9125772227453599
Fibrosis,0.8151039718009124
Hernia,0.9030220706881933
Infiltration,0.6792789808203482
Mass,0.8156911200378906
Nodule,0.7595274119613771
Pleural_Thickening,0.766825508709747
Pneumonia,0.717414575231755
Pneumothorax,0.8526559530128028
